{"inputUnits":[34],"outputUnits":2,"inputs":{"0":{"dtype":"number","min":256.6449164602079,"max":365.82947667934553},"1":{"dtype":"number","min":13.238860252766301,"max":76.13039543656524},"2":{"dtype":"number","min":267.48818839106576,"max":375.87959616100744},"3":{"dtype":"number","min":10.689662829447357,"max":67.02664861419322},"4":{"dtype":"number","min":252.1139728234436,"max":358.31983681318826},"5":{"dtype":"number","min":4.813672373730853,"max":67.6224051746413},"6":{"dtype":"number","min":280.3198055163432,"max":385.5330993414853},"7":{"dtype":"number","min":15.02279437469602,"max":76.02011803059264},"8":{"dtype":"number","min":242.47954075438503,"max":349.0901445322},"9":{"dtype":"number","min":14.18301237232491,"max":76.65401354837974},"10":{"dtype":"number","min":304.57564535771826,"max":410.4212886350164},"11":{"dtype":"number","min":75.41380054755896,"max":129.36640876740333},"12":{"dtype":"number","min":212.79839304170721,"max":328.71842558745743},"13":{"dtype":"number","min":68.52087473591016,"max":127.0857838434004},"14":{"dtype":"number","min":338.69441644690846,"max":459.88555076985045},"15":{"dtype":"number","min":44.216719156109406,"max":201.01804711011596},"16":{"dtype":"number","min":134.5161408301921,"max":289.4797037918744},"17":{"dtype":"number","min":52.158000070297305,"max":199.53097105953947},"18":{"dtype":"number","min":342.1526968989391,"max":537.6360561504438},"19":{"dtype":"number","min":29.382617519987235,"max":261.5716481487111},"20":{"dtype":"number","min":81.02080942591805,"max":279.3406884308455},"21":{"dtype":"number","min":30.908609828132597,"max":263.643925885746},"22":{"dtype":"number","min":287.5553145946696,"max":393.911809661509},"23":{"dtype":"number","min":213.34252502203918,"max":255.105391327973},"24":{"dtype":"number","min":236.71079286805386,"max":341.4517318784959},"25":{"dtype":"number","min":210.5362187841987,"max":250.47095866518725},"26":{"dtype":"number","min":291.9477398942881,"max":391.89322742506687},"27":{"dtype":"number","min":307.50023867833477,"max":368.2385924817987},"28":{"dtype":"number","min":234.4801152448246,"max":337.59506759940416},"29":{"dtype":"number","min":310.059131666844,"max":370.89113346797484},"30":{"dtype":"number","min":287.37496105149563,"max":388.53933312085815},"31":{"dtype":"number","min":388.24118469475775,"max":466.0959111670112},"32":{"dtype":"number","min":239.1111298386689,"max":335.7906487015899},"33":{"dtype":"number","min":387.8771960781706,"max":466.91341771225984}},"outputs":{"0":{"dtype":"string","min":0,"max":1,"uniqueValues":["b","c"],"legend":{"b":[1,0],"c":[0,1]}}},"isNormalized":true}
