{"inputUnits":[34],"outputUnits":3,"inputs":{"0":{"dtype":"number","min":264.3526200468902,"max":374.19147179748296},"1":{"dtype":"number","min":71.39624747784686,"max":125.1522470912117},"2":{"dtype":"number","min":289.56855150512223,"max":406.5936902710436},"3":{"dtype":"number","min":47.223158661957385,"max":101.2097144219662},"4":{"dtype":"number","min":246.26157293059947,"max":369.0705794397495},"5":{"dtype":"number","min":49.158329945130106,"max":90.86590243684643},"6":{"dtype":"number","min":329.429931640625,"max":435.2731875408484},"7":{"dtype":"number","min":63.731275031538786,"max":129.37145901097398},"8":{"dtype":"number","min":219.49349963711393,"max":326.4332402448246},"9":{"dtype":"number","min":60.54453808973736,"max":101.03140983136248},"10":{"dtype":"number","min":381.5109906029609,"max":460.9278934938898},"11":{"dtype":"number","min":150.84437210736107,"max":207.63879560774865},"12":{"dtype":"number","min":196.43126432070008,"max":271.05951331468873},"13":{"dtype":"number","min":152.90870161835787,"max":209.25349491579522},"14":{"dtype":"number","min":415.8884533833901,"max":636.4820095908317},"15":{"dtype":"number","min":77.28123898636042,"max":344.7300168048547},"16":{"dtype":"number","min":-2.1560277085359925,"max":216.00216401690176},"17":{"dtype":"number","min":88.51768642084144,"max":365.40224186641234},"18":{"dtype":"number","min":364.80491252260913,"max":635.4765646374179},"19":{"dtype":"number","min":11.990586811466443,"max":428.9736617863874},"20":{"dtype":"number","min":8.345976358257843,"max":273.05125195692483},"21":{"dtype":"number","min":13.819696448656373,"max":440.87489473216726},"22":{"dtype":"number","min":362.05596864455407,"max":427.5429157895337},"23":{"dtype":"number","min":414.5534340231335,"max":465.61081585717113},"24":{"dtype":"number","min":213.56917681861017,"max":273.98732344927953},"25":{"dtype":"number","min":425.63942519607247,"max":469.26969773110716},"26":{"dtype":"number","min":357.4710981762363,"max":503.8886186770428},"27":{"dtype":"number","min":508.931450157314,"max":588.8456708262403},"28":{"dtype":"number","min":203.7313335136681,"max":315.3435875562378},"29":{"dtype":"number","min":516.5553283691406,"max":598.557238152055},"30":{"dtype":"number","min":343.62082989763195,"max":484.18031269474255},"31":{"dtype":"number","min":487.07329063563964,"max":560.4838205775399},"32":{"dtype":"number","min":238.34300245292457,"max":315.0720912473211},"33":{"dtype":"number","min":539.5065378864451,"max":563.7006713629696}},"outputs":{"0":{"dtype":"string","min":0,"max":1,"uniqueValues":["b","m","a"],"legend":{"b":[1,0,0],"m":[0,1,0],"a":[0,0,1]}}},"isNormalized":true}
